Type	Normal	Pathogen	Heat	Lipid
protein	0.46000001	0.470036468	0.529	0.357
lipid	0.087299301	0.02910624	0.051	0.276
DNA	0.003702132	0.004	0.005	0.005361069
RNA	0.061	0.063000001	0.078	0.048
cofactor	0.005942949	0.004902479	0.002600694	0.001393856
ion	0.0024815	0.0024815	0.022858231	0.0024815
carbohydrate	0.380669259	0.4	0.313	0.306
